-- phpMyAdmin SQL Dump
-- version 4.7.3
-- https://www.phpmyadmin.net/
--
-- Хост: 127.0.0.1:3306
-- Время создания: Фев 09 2020 г., 20:11
-- Версия сервера: 5.6.37
-- Версия PHP: 7.3.2

SET SQL_MODE = "NO_AUTO_VALUE_ON_ZERO";
SET AUTOCOMMIT = 0;
START TRANSACTION;
SET time_zone = "+00:00";


/*!40101 SET @OLD_CHARACTER_SET_CLIENT=@@CHARACTER_SET_CLIENT */;
/*!40101 SET @OLD_CHARACTER_SET_RESULTS=@@CHARACTER_SET_RESULTS */;
/*!40101 SET @OLD_COLLATION_CONNECTION=@@COLLATION_CONNECTION */;
/*!40101 SET NAMES utf8mb4 */;

--
-- База данных: `book_ctlg`
--

-- --------------------------------------------------------

--
-- Структура таблицы `authors`
--

CREATE TABLE `authors` (
  `id` int(11) NOT NULL,
  `name_author` varchar(255) NOT NULL,
  `information` text NOT NULL
) ENGINE=InnoDB DEFAULT CHARSET=utf8;

--
-- Дамп данных таблицы `authors`
--

INSERT INTO `authors` (`id`, `name_author`, `information`) VALUES
(1, 'М. Ру', 'Мэделин Ру — популярная американская писательница. Автор мистических романов из цикла «Приют».\r\nИзвестно о писательнице довольно мало. Она родилась в штате Миннесота в 1985 году. В 2008 получила степень бакалавра искусств в области писательского и актерского мастерства в колледже города Белойт. А уже весной 2009 года представила свой первый проект — объемный исторический роман, который так и не был напечатан. Через некоторое время Мэделин Ру под псевдонимом начала вести экспериментальный блог — Allison Hewitt Is Trapped, который очень быстро завоевал симпатии читателей. Позже блог был «превращен» в одноименный дебютный роман автора.\r\n\r\nУкраинские читатели смогли познакомиться с творчеством Мэделин Ру в 2014 году, когда в издательстве «Клуб Семейного Досуга» был опубликован её первый роман из цикла «Приют».\r\n\r\nСейчас писательница живет, работает и готовится к неизбежному зомби-апокалипсису в штате Луизиана'),
(2, 'Е. Печорна', 'Елена Печорна – украинская писательница, лауреат премии Олеся Гончара 2010 года. \r\n\r\nАвтор о себе\r\n\r\nРодилась 23 февраля 1982 года, разбавив своим появлением праздник мужества и отваги. Колыбелью стала древняя земля Черниговщины, сначала небольшое село Левковичи Черниговского района – сейчас оно, к сожалению, стало еще меньше – позже семья переехала в поселок Михайло-Коцюбинск, где живу и по сей день. Семья вполне обычная, бабушки и дедушки по обеим линиям всю жизнь посвятили труду на земле, мама – медик, отец – инженер по образованию, но работает не по специальности. У меня есть младшая сестренка – первая читательница моих произведений.\r\n\r\nЗакончила школу им. М. Коцюбинского, сегодня — уже гимназию, после — Нежинский государственный (тогда еще просто педагогический) университет имени Гоголя. Год работала учителем украинского языка и литературы в школе №1 города Славутича, потом ушла в декрет и родила сначала сына, а потом и книгу. Просто наконец-то нашла время для написания чего-то большего, нежели рассказы.\r\nВ 2010-м году рукопись была удостоена Международной литературной украино-немецкой премией имени Олеся Гончара. После первого декретного отпуска плавно перешла во второй. В этот раз родила дочку, надеюсь, что дойдет черед и до второй книги. Кстати, совсем недавно вышла на работу, и не куда-либо, а в храм книги. Работаю библиотекарем в отделе обслуживания ЦРБ Черниговского района.\r\nВоспитываю свое сокровище в квадрате, а по ночам урываю часок для слова и души (муж сначала обижался, сейчас начинает гордиться), пишу про людей и для них.'),
(3, 'М. Матиос', 'Мария Матиос — украинская писательница, поэт, прозаик, публицист. Родилась 19 декабря 1959 года в селе Розтоки на Буковине.\r\nМария Матиос коренная гуцулка из Буковины. Первые стихи напечатала в 15 лет. Выпускница филологического факультета Черновицкого университета, она гордится тем, что была среди тех, кто добивался присвоения учебному заведению имени «буковинского соловья» — поэта Юрия Федьковича. По образованию — украинский филолог, по призванию — народовед.\r\n\r\nНекоторое время руководила Союзом писателей Черновицкой области, занималась издательским делом, была одним из основателей научно-литературного «Буковинского журнала». В 1992 году дебютировала в журнале «Киев», опубликовав новеллу «Юр’яна і Довгопол». Живет в Киеве. Интересуется психологией, этнографией, огородничеством и цветоводством.\r\n\r\nМария Матиос носит некоронованный титул «наиболее плодотворной писательницы Украины». Критика называет ее если не «чертиком, который выскочил из табакерки», то «грант-дамой украинской литературы». Автор сборников стихов: «З трави і листя», «Вогонь живиці», «Сад нетерпіння», «Десять дек морозної води», «Жіночий аркан». Наибольшую известность получили его книги: «Бульварний роман», «Життя коротке» (2001), «Фуршет» від Марії Матіос» (2003), «Солодка Даруся» (2004), «Щоденник страченої» (2005), «Містер і місіс Ю в країні укрів» (2006).\r\n\r\nПобедитель конкурса «Книга года-2008» в номинации «Красное писательство — Современная украинская проза»: «Москалиця; Мама Мариця — дружина Христофора Колумба». Гран-при и первое место конкурса «Коронация слова-2007» за роман «Майже ніколи не навпаки». Лауреат Национальной премии Украины имени Тараса Шевченко за роман «Солодка Даруся» (2005). Также роман «Солодка Даруся» признан лучшей книгой первого 15-летия Независимости, который больше всего повлиял на украинцев.'),
(4, 'М. Леві', 'Марк Леві — літературний феномен, письменник, романи якого розходяться мільйонними накладами. «Я не письменник, а оповідач казок та історій», каже про себе Леві. Він не пише, він показує те, що сховано вглибині душі, і те, що так мріє побачити кожен читач. Саме тому його твори настільки популярні.'),
(5, 'В. Лис', 'Володимир Лис — відомий український журналіст, прозаїк і драматург. Його називають справжнім народним письменником, який у своїх творах поєднує історію та сучасність. Він є володарем численних престижних літературних премій, серед яких титул «Золотий письменник України»; багаторазовим призером «Коронації слова», автором уже легендарного «Століття Якова» — «Найкращого роману десятиріччя», що ліг в основу однієї з найбільш успішних екранізацій останніх років.'),
(6, 'В. Шкляр', 'Василь Шкляр — один з найвідоміших письменників сучасної України. Кожна його книжка стає бестселером. Успіх його романів приголомшливий: відзнаки, премії, гран-прі, постійні перевидання, переклади іноземними мовами. Шкляр є лауреатом багатьох літературних премій, але найдорожча з них — народна Шевченківська, яку автор отримав після того, як 2011 року відмовився прийняти з рук антиукраїнської влади присуджену йому Національну премію імені Тараса Шевченка. З культового «Чорного Ворона» («Залишенця») розпочалася давно очікувана екранізація романів «батька українського бестселера». «Характерник» — найдивовижніший роман Василя Шкляра.'),
(16, 'П. Петров', ''),
(17, 'А. Шаррер', ''),
(18, 'А. Шарр', ''),
(19, 'М. Емис', ''),
(20, 'Д. Харрис', ''),
(21, 'Т. Кавагути', ''),
(22, 'Д. Мойес', ''),
(23, 'В. Свободина', ''),
(24, 'В. Шевяхова', ''),
(25, 'Т. Пристаецкая', ''),
(26, 'О. Кржечевская', ''),
(27, 'О. Волинська', ''),
(28, 'Н. Соболевская', ''),
(29, 'А. Кокотюха', ''),
(30, 'Ж. Журавлев', ''),
(31, 'К. Курилев', ''),
(32, '', ''),
(33, 'К. Курицин', ''),
(34, 'К. Курицина', ''),
(35, 'Ж. Шакалюк', '');

-- --------------------------------------------------------

--
-- Структура таблицы `books`
--

CREATE TABLE `books` (
  `id` bigint(20) NOT NULL,
  `name_book` varchar(20) NOT NULL,
  `description` text NOT NULL,
  `price` float NOT NULL,
  `image` mediumtext NOT NULL
) ENGINE=InnoDB DEFAULT CHARSET=utf8;

--
-- Дамп данных таблицы `books`
--

INSERT INTO `books` (`id`, `name_book`, `description`, `price`, `image`) VALUES
(1, 'Гробница древних', 'Холодный Чертополох остался позади. Луиза и ее друзья поселились в новой шикарной лондонской резиденции. Но зловещие предупреждения вновь не дают им покоя. Грядет война между старыми богами и потусторонними монстрами. В городе собираются религиозные фанатики из последователей пастуха. А дух отца Луизы продолжает попытки захватить ее сознание. Чтобы прекратить это, девушка согласна заключить еще одну жуткую сделку с мистером Морнингсайдом. Луизе и друзьям придется отправиться к воротам между мирами, месту из мрачной легенды — Гробнице древних. Там ее ждет выбор, страшный и неотвратимый. От того, чью сторону примет Луиза в этой войне, зависит все — ее будущее и жизнь всего мира.', 8.32, '1.jpg'),
(2, 'Химерниця', 'Микола — очільник провінційного містечка, місцевий «князьок», улюбленець долі. Та що він робить тут, у хаті старої відьми Шептулихи? Вона — його остання надія на порятунок доньки. Двоє найближчих друзів Миколи вже втратили найдорожчих. Тепер його черга. Але замість старої його зустрічає дивне дівча — химерниця, «що думки читає». Звідки вона взялася?\r\nДоля не знає випадковостей. Колись Микола та його друзі вчинили страшну наругу. Вони забрали те, що їм не належало. І час поновлювати рівновагу. Час віддавати. Тільки щира жертва врятує доньку. Чим заплатить батько за власні гріхи? І ким насправді є та, яку потайки називають химерницею?..', 3.69, '2.jpg'),
(3, 'Букова земля', 'Класичний роман провідної української письменниці Марії Матіос «Букова земля» — це захоплива і зухвала сага завдовжки у 225 років, пропущена через історії п’яти родин різного суспільного рівня і статусу, а також історичних персонажів, так чи інакше пов’язаних з Буковиною. Землероби, скотарі, воїни, посли і міністри постають повноправними творцями не лише приватної, а й загальноєвропейської історії. Недаремно авторка означила жанр свого твору як роман- панорама. Географія його подій простягається від крихітного буковинського хутора Сірук — до Відня, Берліна, Бухареста, Москви і Берна. А обрамленням роману виступає особливий сюжет зі Станиці Луганської літа 2014 року.\r\nІ як завжди у книжках Марії Матіос, окремим персонажем є мова з її неповторною лексичною розкішшю і гуцульським чаром.', 1.23, '3.jpg'),
(4, 'Між небом і землею', 'Лорен жила звичайним життям. У буденних радощах та дрібних проблемах. Працювала в лікарні, допомагала людям. Доки одного разу не потрапила в жахливу аварію. Вона опиняється в комі Лорен жила звичайним життям. У буденних радощах та дрібних проблемах. Працювала в лікарні, допомагала людям. Доки одного разу не потрапила в жахливу аварію. Вона опиняється в комі, за крок від смерті та життя.\r\nАртур — молодий архітектор. Він винаймає квартиру, планує щоденні справи. Одного дня хлопець зустрічає в помешканні молоду дівчину. Виявляється, вона — власниця квартири. Її звуть Лорен, і вона не розуміє, чому саме Артур бачить її…\r\nА якщо Артур — остання нитка, яка не дає Лорен втратити себе десь між небом і землею? І лише його любов здатна повернути її до життя…', 4.56, '4.jpg'),
(5, 'Метелик', 'У двадцять п’ять років Анрі було обвинувачено в убивстві, якого він не скоював. Довічне ув’язнення у виправній колонії Французької Ґвіани — пеклі на землі, як її називали,— ось що чекало на хлопця. Змиритися та прийняти свою долю? Чи тікати? Знову і знову, з одиночних камер та каторжних катівень, провалюючи спробу за спробою та врешті опинившись у сумнозвісній в’язниці острова Диявола? Звідси не втекти. Людина здається. А метелик уперто б’ється об міцне, непробивне скло ліхтаря. Перепони — ніщо на шляху до світла свободи, яку неможливо втримати за ґратами.', 1.87, '9.jpg'),
(6, 'Стріла часу, або При', 'Уявіть, що життя починається… смертю. Молодість настає після старості. Прощання передує зустрічі. Абсурд? Ні, історія лікаря Тода Френдлі, що розгортається у зворотному напрямку. Від загибелі внаслідок автокатастрофи десь у США до нацистських таборів смерті в Освенцимі. Невідворотно наближаючись до наймасштабнішого злочину Другої світової — Голокосту. От-от попіл перетвориться на людей і найжахливіший кошмар лікаря Френдлі стане реальністю. Чоловік у чорних чоботах і білому халаті… Мільйони невинних жертв… Звідки це моторошне передчуття майбутнього? І усвідомлення того, що нічого не можна змінити. Бо майбутнє вже відбулося…', 3.56, '10.jpg'),
(7, 'Истории из приюта', 'Бруклинский приют — место, где оживают жуткие ночные кошмары. За много лет до того, как Кэл, Мика, Джоселин, Мэдж и многие другие очутились в его мрачных стенах, в этой лечебнице для душевнобольных происходили по-настоящему ужасающие вещи… Здесь по ночам кричали пациенты, чтобы наутро навсегда умолкнуть. И никто не мог им помочь, никто не мог вытащить их из этого ада («Надзиратель»).\r\n\r\nТак же, как и тех, кто оказался среди Алых — группы избранных преподавателей и студентов университета Нью-Гэмпшира, путь в ряды которых открывало посвящение кровью… («Алые»).\r\n\r\nБыть может, кости этих несчастных позже выкапывали из могил по заказу таинственных Похитителей костей. Никто не знал, кто они. Известно только одно: от них никто не уйдет живым («Похитители костей»).', 2.33, '7.jpg'),
(8, 'Приют', 'Старое здание... Потрескавшиеся стены... Загадочные фотографии... Ночные кошмары...\r\nТот, кто попадал в этот дом, оставался в нем навсегда. Но Дэниэл этого не знал. Он приехал сюда на летние курсы для одаренных подростков и гораздо позже узнал, что когда-то это здание было лечебницей для странных людей.\r\nЧто происходило здесь? Почему некоторые коридоры и подвал замурованы? Кто-то тайком следит за ним. В библиотеке колледжа Дэниэл с друзьями находит загадочные фотографии. А вскоре случается то, что повергает в шок и учеников, и педагогов. Дэн должен разгадать тайну приюта, иначе он сам окажется в опасности...\r\nКнига иллюстрирована уникальными рисунками и фото.', 5.5, '8.jpg'),
(9, 'Полнолуние', 'Осень 1944 года. Поселок Сатанов устал от фашистского террора. Но на смену ему пришли лишь карательные операции советского НКВД, набеги банд, а также загадочные нападения на людей. Несколько человек были найдены загрызенными, им в глотки вцеплялся дикий зверь... Пошел слух об оборотне, ведущем жуткую охоту в сатановском лесу.\r\nМилиционер Андрей Левченко, Игорь Вовк, сбежавший из сталинского концлагеря, капитан НКВД Виктор Сомов, дезертир Жора Теплый и командир куреня УПА Гром — всех их судьба объединяет вокруг загадки сатановского оборотня. Старые враги вынуждены противостоять опасности плечом к плечу. Но с кем им предстоит вступить в схватку: с кровожадных зверем или… с человеком, прячущимся за маской монстра?', 8.3, '52464_93976.jpg'),
(10, 'П’ять четвертинок ап', 'Фрамбуаза отримала дивний спадок від матері. Її брату дісталася ферма, старшій сестрі — винний погріб, сповнений бурштиново-сонячних пляшок, а Фрамбуазі — альбом з кулінарними рецептами. Не багацько… Але на берегах зошита впереміш зі старовинними рецептами різноманітних смаколиків вона знаходить загадкові нотатки. Секрети та зізнання матері. Життя, яке вона так ретельно приховувала від дітей, у часи війни й окупації. Маленькі радощі й прикрощі, потаємні думки, дитячі образи та щира сповідь жінки, що боялася любити. Минуло стільки років. Лишилося стільки запитань. Відповіді на них — у цьому старому щоденнику. Настав час розкрити моторошні таємниці минулого.', 8.32, '11.jpg'),
(11, 'Доки кава не охолоне', 'У цій невеличкій кав’ярні вже понад століття подають найсмачнішу каву. Тут можна посидіти за філіжанкою цього гірко-солодкого напою, відволіктися від буденних проблем і… вирушити в подорож у часі. Щоб зустрітися з коханим, з яким вас колись розлучили кілометри. Чи отримати лист від чоловіка, який забув про вас через хворобу. Знову хоча б на мить побачитися із сестрою, яка загинула в автокатастрофі. У кожного свої причини побувати в минулому. Проте є умова: встигнути повернутися в майбутнє, доки кава не охолоне…', 2.66, '12.jpg'),
(12, 'Подаруй мені зірку', 'Еліс просто хотіла бути щасливою. Гадала, що одруження подарує їй те, про що вона так мріяла. Але коли рідна Англія лишилася за океаном, Кентукі зустрів її задухою та консерватизмом. Чоловік, який в усьому слухався батька, почуття скутості — все, що отримала Еліс. Тож коли в містечку почали шукати волонтерів для кінної бібліотеки, вона не вагаючись зголосилася. Тут Еліс знайомиться з Марджері, яка не кориться закам’янілим традиціям і знає, як це — бути по-справжньому щасливою та вільною. Життя Еліс карколомно змінюється. І чоловік, який був для неї всім, виявляється чужим. Бо вона вже давно кохає іншого. Того, з ким зможе стати собою…', 6.89, '13.jpg'),
(13, 'Бесстрашная помощниц', 'Молоденькая студентка Василиса просто искала работу. И попала под колеса роскошного роллс-ройса. Отделалась разбитыми коленками и… работой, которую предложил в качестве компенсации хозяин авто — нереальный красавчик и успешный бизнесмен Давид Крамер.\r\nВот только новая должность Василисы весьма специфическая.\r\nНу а что она хотела, оказавшись в компании, занимающейся всеми направлениями индустрии «для взрослых»? Новый босс Василисы — тот еще демон, с глазами искусителя и телом греческого бога. И его пристальное внимание пугает и одновременно влечет девушку.\r\nПеред таким мужчиной невозможно устоять, и неопытная Василиса вот-вот потеряет контроль… Но какую игру задумал Давид? Шеф и подчиненная? Хулиган и скромница? Или что-то более соблазнительное?..', 7.75, '14.jpg'),
(14, 'Повелителька ліхтарі', 'Зора, дівчина-ромка, приїздить до Федорівки, щоб дізнатися, чому загинула її сестра Гілі. Напередодні Гілі хотіла відшукати й застерегти людину, на чиїй долоні вона побачила лихий знак. Шукаючи правди, Зора знайомиться з Василем, місцевим майстром лозоплетіння. І розуміє, що їхня зустріч — знак долі. Чи це було кохання? Хто знає. Заради Зори Василь скоїв злочин, тим самим перекресливши власне майбутнє.', 3.56, '52799_95976.jpg'),
(15, 'Улыбка незнакомца', 'Вероника ничего не помнила. Ни как ее зовут, ни как она оказалась в этой больнице. И тем более Ника ничего не знала о Ярославе, который, между прочим, оказался… ее женихом. Вот так новости! Это он оплатил ей лечение в частной клинике, заботился о ней. Молодой, красивый, успешный мужчина… Ника была счастлива. Наверное, ей всего лишь показалось, что в какой-то момент в его взгляде блеснула ненависть. Его улыбка так нежна... Если, конечно, он не притворяется.', 5.54, '51963_91752.jpg'),
(16, 'Крепостная 2. По ту ', 'Игрушка в чужих руках и бесправная кукла — вот кем была Катерина всю свою жизнь. Рабыня и прислуга. Крепостная. И теперь она вновь продана, как товар. Ее новая хозяйка — жестокая Лидия Шефер. Она уверена, что Катерина должна ответить за смерть ее возлюбленного Алексея. Лидия стремится превратить жизнь девушки в настоящий ад… Но во время народного восстания крепостной удается сбежать от жестокой хозяйки в Киев. Впереди — опасный и безжалостный мир киевских борделей. Что же на самом деле ждет Катерину по ту сторону желанной свободы?..', 5.54, '49621_92309.jpg');

-- --------------------------------------------------------

--
-- Структура таблицы `genres`
--

CREATE TABLE `genres` (
  `id` int(11) NOT NULL,
  `name_genre` varchar(20) NOT NULL,
  `genre_description` text NOT NULL
) ENGINE=InnoDB DEFAULT CHARSET=utf8;

--
-- Дамп данных таблицы `genres`
--

INSERT INTO `genres` (`id`, `name_genre`, `genre_description`) VALUES
(1, 'Современные авторы', ''),
(2, 'Романы о любви', ''),
(3, 'Детективы', ''),
(4, 'Фантастика, фэнтези', ''),
(5, 'Триллеры, ужасы', ''),
(6, 'Классика', ''),
(7, 'Книги для подростков', ''),
(8, 'Комиксы', '');

-- --------------------------------------------------------

--
-- Структура таблицы `links_ba`
--

CREATE TABLE `links_ba` (
  `book_id` bigint(20) NOT NULL,
  `author_id` int(11) NOT NULL
) ENGINE=InnoDB DEFAULT CHARSET=utf8;

--
-- Дамп данных таблицы `links_ba`
--

INSERT INTO `links_ba` (`book_id`, `author_id`) VALUES
(1, 1),
(2, 1),
(5, 2),
(16, 2),
(3, 3),
(6, 3),
(13, 3),
(7, 4),
(9, 4),
(4, 5),
(8, 5),
(9, 6),
(10, 16),
(11, 17),
(12, 18),
(5, 19),
(13, 19),
(15, 19),
(14, 20);

-- --------------------------------------------------------

--
-- Структура таблицы `links_bg`
--

CREATE TABLE `links_bg` (
  `book_id` bigint(20) NOT NULL,
  `genre_id` int(11) NOT NULL
) ENGINE=InnoDB DEFAULT CHARSET=utf8;

--
-- Дамп данных таблицы `links_bg`
--

INSERT INTO `links_bg` (`book_id`, `genre_id`) VALUES
(1, 1),
(2, 1),
(3, 1),
(4, 1),
(5, 1),
(6, 1),
(7, 1),
(8, 1),
(9, 1),
(10, 1),
(11, 2),
(12, 2),
(13, 3),
(14, 3),
(9, 4),
(15, 4),
(5, 6),
(16, 6);

--
-- Индексы сохранённых таблиц
--

--
-- Индексы таблицы `authors`
--
ALTER TABLE `authors`
  ADD PRIMARY KEY (`id`),
  ADD KEY `id` (`id`);

--
-- Индексы таблицы `books`
--
ALTER TABLE `books`
  ADD PRIMARY KEY (`id`);

--
-- Индексы таблицы `genres`
--
ALTER TABLE `genres`
  ADD PRIMARY KEY (`id`),
  ADD KEY `id` (`id`);

--
-- Индексы таблицы `links_ba`
--
ALTER TABLE `links_ba`
  ADD PRIMARY KEY (`book_id`,`author_id`),
  ADD KEY `author_id` (`author_id`);

--
-- Индексы таблицы `links_bg`
--
ALTER TABLE `links_bg`
  ADD PRIMARY KEY (`book_id`,`genre_id`),
  ADD KEY `genre_id` (`genre_id`);

--
-- AUTO_INCREMENT для сохранённых таблиц
--

--
-- AUTO_INCREMENT для таблицы `authors`
--
ALTER TABLE `authors`
  MODIFY `id` int(11) NOT NULL AUTO_INCREMENT, AUTO_INCREMENT=36;
--
-- AUTO_INCREMENT для таблицы `books`
--
ALTER TABLE `books`
  MODIFY `id` bigint(20) NOT NULL AUTO_INCREMENT, AUTO_INCREMENT=28;
--
-- AUTO_INCREMENT для таблицы `genres`
--
ALTER TABLE `genres`
  MODIFY `id` int(11) NOT NULL AUTO_INCREMENT, AUTO_INCREMENT=9;
--
-- Ограничения внешнего ключа сохраненных таблиц
--

--
-- Ограничения внешнего ключа таблицы `links_ba`
--
ALTER TABLE `links_ba`
  ADD CONSTRAINT `links_ba_ibfk_1` FOREIGN KEY (`book_id`) REFERENCES `books` (`id`),
  ADD CONSTRAINT `links_ba_ibfk_2` FOREIGN KEY (`author_id`) REFERENCES `authors` (`id`);

--
-- Ограничения внешнего ключа таблицы `links_bg`
--
ALTER TABLE `links_bg`
  ADD CONSTRAINT `links_bg_ibfk_1` FOREIGN KEY (`book_id`) REFERENCES `books` (`id`),
  ADD CONSTRAINT `links_bg_ibfk_2` FOREIGN KEY (`genre_id`) REFERENCES `genres` (`id`);
COMMIT;

/*!40101 SET CHARACTER_SET_CLIENT=@OLD_CHARACTER_SET_CLIENT */;
/*!40101 SET CHARACTER_SET_RESULTS=@OLD_CHARACTER_SET_RESULTS */;
/*!40101 SET COLLATION_CONNECTION=@OLD_COLLATION_CONNECTION */;
